<?xml version="1.0" encoding="UTF-8" standalone="yes"?>
<addon id="plugin.video.israelru" name="IsraelRU" version="1.0" provider-name="Viko Farber">
    <requires>
    </requires>
    <extension point="xbmc.python.pluginsource"
               library="default.py">
        <provides>video</provides>
    </extension>
    <extension point="xbmc.addon.metadata">
        <platform>all</platform>
        <summary>IsraelRU аддон iptv</summary>
        <description>Дополнение даёт возможность загрузить плейлист из сети.[CR]По умолчанию в дополнение есть ссылка на мой плейлист, русские и израильские каналы.[CR]Можно убрать мою ссылку и добавить свой плейлист.[CR]Созданно специально для kodisrael.net RU.</description>
    </extension>
</addon>